{"Tuple": {"x": 200, "y": 338, "h": 746, "w": 416}, "OldCameraMatrix": [[1414.7997174759792, 0.0, 366.67454825035685], [0.0, 1418.032373350221, 605.2228795042543], [0.0, 0.0, 1.0]], "dist": [[-0.06127868725166484, 3.077185931197963, -0.018882990969157923, -0.0003067070568536618, -19.902490462960568]], "NewCameraMatrix": [[827.3936157226562, 0.0, 412.33567239082186], [0.0, 826.811767578125, 691.3167705253727], [0.0, 0.0, 1.0]]}